-- phpMyAdmin SQL Dump
-- version 4.2.11
-- http://www.phpmyadmin.net
--
-- Host: 127.0.0.1
-- Generation Time: Aug 20, 2020 at 01:53 PM
-- Server version: 5.6.21
-- PHP Version: 5.5.19

SET SQL_MODE = "NO_AUTO_VALUE_ON_ZERO";
SET time_zone = "+00:00";


/*!40101 SET @OLD_CHARACTER_SET_CLIENT=@@CHARACTER_SET_CLIENT */;
/*!40101 SET @OLD_CHARACTER_SET_RESULTS=@@CHARACTER_SET_RESULTS */;
/*!40101 SET @OLD_COLLATION_CONNECTION=@@COLLATION_CONNECTION */;
/*!40101 SET NAMES utf8 */;

--
-- Database: `test`
--

-- --------------------------------------------------------

--
-- Table structure for table `project`
--

CREATE TABLE IF NOT EXISTS `project` (
`id` int(11) NOT NULL,
  `name` varchar(256) NOT NULL,
  `description` text,
  `status` enum('active','inactive') NOT NULL,
  `owned_by` int(11) DEFAULT NULL,
  `due_date` date DEFAULT NULL,
  `created_at` datetime NOT NULL,
  `created_by` int(11) NOT NULL,
  `updated_at` datetime DEFAULT NULL,
  `updated_by` int(11) DEFAULT NULL,
  `deleted_at` datetime DEFAULT NULL,
  `deleted_by` int(11) DEFAULT NULL
) ENGINE=InnoDB AUTO_INCREMENT=6 DEFAULT CHARSET=latin1;

--
-- Dumping data for table `project`
--

INSERT INTO `project` (`id`, `name`, `description`, `status`, `owned_by`, `due_date`, `created_at`, `created_by`, `updated_at`, `updated_by`, `deleted_at`, `deleted_by`) VALUES
(1, 'Proiect 1', 'proiect 1', 'inactive', 5, '2020-08-31', '2020-08-20 13:57:31', 5, '2020-08-20 14:00:32', 5, NULL, NULL),
(2, 'Proiect 2', 'proiect 2', 'active', 5, '0000-00-00', '2020-08-20 13:57:51', 5, '2020-08-20 13:58:59', 5, NULL, NULL),
(3, 'Project 3', 'project 3', 'active', 5, '0000-00-00', '2020-08-20 14:01:10', 5, NULL, NULL, NULL, NULL),
(4, 'Project 4', 'project 4', 'active', 5, '0000-00-00', '2020-08-20 14:09:02', 5, NULL, NULL, NULL, NULL),
(5, 'Proiect 5', 'test 5', 'active', 5, '0000-00-00', '2020-08-20 14:14:04', 5, NULL, NULL, NULL, NULL);

-- --------------------------------------------------------

--
-- Table structure for table `role`
--

CREATE TABLE IF NOT EXISTS `role` (
`id` int(11) NOT NULL,
  `name` varchar(256) NOT NULL,
  `level` int(11) NOT NULL
) ENGINE=InnoDB AUTO_INCREMENT=3 DEFAULT CHARSET=latin1;

--
-- Dumping data for table `role`
--

INSERT INTO `role` (`id`, `name`, `level`) VALUES
(1, 'manager', 0),
(2, 'employee', 1);

-- --------------------------------------------------------

--
-- Table structure for table `task`
--

CREATE TABLE IF NOT EXISTS `task` (
`id` int(11) NOT NULL,
  `name` varchar(512) NOT NULL,
  `description` text,
  `project_id` int(11) DEFAULT NULL,
  `user_id` int(11) NOT NULL,
  `assigned_to` int(11) DEFAULT NULL,
  `status_id` int(11) NOT NULL,
  `due_date` date DEFAULT NULL,
  `task_priority_id` int(11) NOT NULL,
  `created_at` datetime NOT NULL,
  `deleted_at` datetime DEFAULT NULL,
  `deleted_by` int(11) DEFAULT NULL
) ENGINE=InnoDB AUTO_INCREMENT=4 DEFAULT CHARSET=latin1;

--
-- Dumping data for table `task`
--

INSERT INTO `task` (`id`, `name`, `description`, `project_id`, `user_id`, `assigned_to`, `status_id`, `due_date`, `task_priority_id`, `created_at`, `deleted_at`, `deleted_by`) VALUES
(1, 'task 1', '', 2, 5, 5, 1, '2020-08-20', 1, '2020-08-20 14:22:19', NULL, NULL),
(2, 'task 2', 'test', 3, 5, 7, 2, '2020-08-28', 2, '2020-08-20 14:25:02', NULL, NULL),
(3, 'taskul meu', '', 2, 7, 7, 1, '2020-08-26', 3, '2020-08-20 14:27:56', NULL, NULL);

-- --------------------------------------------------------

--
-- Table structure for table `task_priority`
--

CREATE TABLE IF NOT EXISTS `task_priority` (
`id` int(11) NOT NULL,
  `name` varchar(256) NOT NULL,
  `order` int(11) NOT NULL
) ENGINE=InnoDB AUTO_INCREMENT=4 DEFAULT CHARSET=latin1;

--
-- Dumping data for table `task_priority`
--

INSERT INTO `task_priority` (`id`, `name`, `order`) VALUES
(1, 'high', 1),
(2, 'medium', 2),
(3, 'low', 3);

-- --------------------------------------------------------

--
-- Table structure for table `task_status`
--

CREATE TABLE IF NOT EXISTS `task_status` (
`id` int(11) NOT NULL,
  `name` varchar(512) NOT NULL,
  `created_at` datetime NOT NULL,
  `created_by` int(11) NOT NULL,
  `updated_at` datetime DEFAULT NULL,
  `updated_by` int(11) DEFAULT NULL
) ENGINE=InnoDB AUTO_INCREMENT=4 DEFAULT CHARSET=latin1;

--
-- Dumping data for table `task_status`
--

INSERT INTO `task_status` (`id`, `name`, `created_at`, `created_by`, `updated_at`, `updated_by`) VALUES
(1, 'Pending', '2020-08-18 11:40:23', 5, NULL, NULL),
(2, 'Completed', '2020-08-18 11:40:40', 5, '2020-08-20 14:17:24', 5),
(3, 'Testing', '2020-08-18 11:41:08', 5, NULL, NULL);

-- --------------------------------------------------------

--
-- Table structure for table `task_status_history`
--

CREATE TABLE IF NOT EXISTS `task_status_history` (
`id` int(11) NOT NULL,
  `task_id` int(11) NOT NULL,
  `task_status_id` int(11) NOT NULL,
  `created_at` datetime NOT NULL,
  `created_by` int(11) NOT NULL,
  `assigned_to` int(11) DEFAULT NULL
) ENGINE=InnoDB AUTO_INCREMENT=4 DEFAULT CHARSET=latin1;

--
-- Dumping data for table `task_status_history`
--

INSERT INTO `task_status_history` (`id`, `task_id`, `task_status_id`, `created_at`, `created_by`, `assigned_to`) VALUES
(1, 1, 1, '2020-08-20 14:22:19', 5, 5),
(2, 2, 2, '2020-08-20 14:25:02', 5, 7),
(3, 3, 1, '2020-08-20 14:27:56', 7, 7);

-- --------------------------------------------------------

--
-- Table structure for table `user`
--

CREATE TABLE IF NOT EXISTS `user` (
`id` int(11) NOT NULL,
  `last_name` varchar(512) NOT NULL,
  `first_name` varchar(256) NOT NULL,
  `username` varchar(512) DEFAULT NULL,
  `email` varchar(256) NOT NULL,
  `password` varchar(1024) NOT NULL,
  `status` enum('active','inactive') NOT NULL DEFAULT 'active',
  `role_id` int(11) NOT NULL,
  `last_login_at` datetime DEFAULT NULL,
  `token_reset_password` varchar(256) DEFAULT NULL,
  `created_at` varchar(256) NOT NULL,
  `created_by` int(11) NOT NULL,
  `updated_at` varchar(256) DEFAULT NULL,
  `updated_by` int(11) DEFAULT NULL,
  `deleted_at` datetime DEFAULT NULL,
  `deleted_by` int(11) DEFAULT NULL
) ENGINE=InnoDB AUTO_INCREMENT=8 DEFAULT CHARSET=utf8;

--
-- Dumping data for table `user`
--

INSERT INTO `user` (`id`, `last_name`, `first_name`, `username`, `email`, `password`, `status`, `role_id`, `last_login_at`, `token_reset_password`, `created_at`, `created_by`, `updated_at`, `updated_by`, `deleted_at`, `deleted_by`) VALUES
(5, 'test', 'test', NULL, 'ana_maria.sora@yahoo.com', '098f6bcd4621d373cade4e832627b4f6', 'active', 1, '2020-08-20 14:50:49', 'bbe834c4ffac852727781ddcab713bbe', '', 0, NULL, NULL, NULL, NULL),
(7, 'test', 'test', NULL, 'wfish4real@yahoo.com', '098f6bcd4621d373cade4e832627b4f6', 'active', 2, '2020-08-20 14:25:41', NULL, '', 0, NULL, NULL, NULL, NULL);

-- --------------------------------------------------------

--
-- Table structure for table `user_log`
--

CREATE TABLE IF NOT EXISTS `user_log` (
`id` int(11) NOT NULL,
  `user_id` int(11) NOT NULL,
  `ip` varchar(255) NOT NULL,
  `browser` varchar(2048) DEFAULT NULL,
  `description` varchar(2048) DEFAULT NULL,
  `created_at` datetime DEFAULT NULL
) ENGINE=InnoDB AUTO_INCREMENT=24 DEFAULT CHARSET=utf8;

--
-- Dumping data for table `user_log`
--

INSERT INTO `user_log` (`id`, `user_id`, `ip`, `browser`, `description`, `created_at`) VALUES
(1, 1, '::1', 'Mozilla/5.0 (Windows NT 6.3; Win64; x64; rv:79.0) Gecko/20100101 Firefox/79.0', 'User login.', '2020-08-16 17:32:20'),
(2, 5, '::1', 'Mozilla/5.0 (Windows NT 6.3; Win64; x64; rv:79.0) Gecko/20100101 Firefox/79.0', 'User login.', '2020-08-17 11:11:05'),
(3, 5, '::1', 'Mozilla/5.0 (Windows NT 6.3; Win64; x64; rv:79.0) Gecko/20100101 Firefox/79.0', 'User login.', '2020-08-17 13:39:19'),
(4, 4, '::1', 'Mozilla/5.0 (Windows NT 6.3; Win64; x64; rv:79.0) Gecko/20100101 Firefox/79.0', 'User login.', '2020-08-18 17:18:56'),
(5, 5, '::1', 'Mozilla/5.0 (Windows NT 6.3; Win64; x64; rv:79.0) Gecko/20100101 Firefox/79.0', 'User login.', '2020-08-18 18:12:41'),
(6, 4, '::1', 'Mozilla/5.0 (Windows NT 6.3; Win64; x64; rv:79.0) Gecko/20100101 Firefox/79.0', 'User login.', '2020-08-19 18:15:24'),
(7, 5, '::1', 'Mozilla/5.0 (Windows NT 6.3; Win64; x64; rv:79.0) Gecko/20100101 Firefox/79.0', 'User login.', '2020-08-19 18:41:24'),
(8, 5, '::1', 'Mozilla/5.0 (Windows NT 6.3; Win64; x64; rv:79.0) Gecko/20100101 Firefox/79.0', 'User login.', '2020-08-19 18:45:19'),
(9, 6, '::1', 'Mozilla/5.0 (Windows NT 6.3; Win64; x64; rv:79.0) Gecko/20100101 Firefox/79.0', 'User login.', '2020-08-20 11:30:00'),
(10, 5, '::1', 'Mozilla/5.0 (Windows NT 6.3; Win64; x64; rv:79.0) Gecko/20100101 Firefox/79.0', 'User login.', '2020-08-20 11:41:47'),
(11, 5, '::1', 'Mozilla/5.0 (Windows NT 6.3; Win64; x64; rv:79.0) Gecko/20100101 Firefox/79.0', 'User login.', '2020-08-20 13:27:43'),
(12, 5, '::1', 'Mozilla/5.0 (Windows NT 6.3; Win64; x64; rv:79.0) Gecko/20100101 Firefox/79.0', 'User login.', '2020-08-20 13:47:07'),
(13, 7, '::1', 'Mozilla/5.0 (Windows NT 6.3; Win64; x64; rv:79.0) Gecko/20100101 Firefox/79.0', 'User login.', '2020-08-20 13:52:45'),
(14, 5, '::1', 'Mozilla/5.0 (Windows NT 6.3; Win64; x64; rv:79.0) Gecko/20100101 Firefox/79.0', 'User login.', '2020-08-20 13:53:07'),
(15, 5, '::1', 'Mozilla/5.0 (Windows NT 6.3; Win64; x64; rv:79.0) Gecko/20100101 Firefox/79.0', 'User login.', '2020-08-20 13:55:53'),
(16, 7, '::1', 'Mozilla/5.0 (Windows NT 6.3; Win64; x64; rv:79.0) Gecko/20100101 Firefox/79.0', 'User login.', '2020-08-20 14:25:41'),
(17, 5, '::1', 'Mozilla/5.0 (Windows NT 6.3; Win64; x64; rv:79.0) Gecko/20100101 Firefox/79.0', 'User login.', '2020-08-20 14:39:10'),
(18, 5, '::1', 'Mozilla/5.0 (Windows NT 6.3; Win64; x64; rv:79.0) Gecko/20100101 Firefox/79.0', 'User login.', '2020-08-20 14:46:31'),
(19, 5, '::1', 'Mozilla/5.0 (Windows NT 6.3; Win64; x64; rv:79.0) Gecko/20100101 Firefox/79.0', 'User login.', '2020-08-20 14:47:00'),
(20, 5, '::1', 'Mozilla/5.0 (Windows NT 6.3; Win64; x64; rv:79.0) Gecko/20100101 Firefox/79.0', 'User login.', '2020-08-20 14:49:26'),
(21, 5, '::1', 'Mozilla/5.0 (Windows NT 6.3; Win64; x64; rv:79.0) Gecko/20100101 Firefox/79.0', 'User login.', '2020-08-20 14:49:47'),
(22, 5, '::1', 'Mozilla/5.0 (Windows NT 6.3; Win64; x64; rv:79.0) Gecko/20100101 Firefox/79.0', 'User login.', '2020-08-20 14:50:32'),
(23, 5, '::1', 'Mozilla/5.0 (Windows NT 6.3; Win64; x64; rv:79.0) Gecko/20100101 Firefox/79.0', 'User login.', '2020-08-20 14:50:49');

-- --------------------------------------------------------

--
-- Table structure for table `yiicache`
--

CREATE TABLE IF NOT EXISTS `yiicache` (
  `id` char(128) NOT NULL,
  `expire` int(11) DEFAULT NULL,
  `value` longblob
) ENGINE=InnoDB DEFAULT CHARSET=latin1;

--
-- Dumping data for table `yiicache`
--

INSERT INTO `yiicache` (`id`, `expire`, `value`) VALUES
('a9f85fcdda67a35ec576583d609e4739', 0, 0x613a323a7b693a303b613a323a7b693a303b613a31393a7b693a303b4f3a383a224355726c52756c65223a31363a7b733a393a2275726c537566666978223b4e3b733a31333a226361736553656e736974697665223b4e3b733a31333a2264656661756c74506172616d73223b613a303a7b7d733a31303a226d6174636856616c7565223b4e3b733a343a2276657262223b4e3b733a31313a2270617273696e674f6e6c79223b623a303b733a353a22726f757465223b733a31303a22736974652f696e646578223b733a31303a227265666572656e636573223b613a303a7b7d733a31323a22726f7574655061747465726e223b4e3b733a373a227061747465726e223b733a32383a222f5e283f503c6c616e67756167653e28726f7c656e29295c2f242f75223b733a383a2274656d706c617465223b733a31303a223c6c616e67756167653e223b733a363a22706172616d73223b613a313a7b733a383a226c616e6775616765223b733a373a2228726f7c656e29223b7d733a363a22617070656e64223b623a303b733a31313a22686173486f7374496e666f223b623a303b733a31343a220043436f6d706f6e656e74005f65223b4e3b733a31343a220043436f6d706f6e656e74005f6d223b4e3b7d693a313b4f3a383a224355726c52756c65223a31363a7b733a393a2275726c537566666978223b4e3b733a31333a226361736553656e736974697665223b4e3b733a31333a2264656661756c74506172616d73223b613a303a7b7d733a31303a226d6174636856616c7565223b4e3b733a343a2276657262223b4e3b733a31313a2270617273696e674f6e6c79223b623a303b733a353a22726f757465223b733a31333a22736974652f3c616374696f6e3e223b733a31303a227265666572656e636573223b613a313a7b733a363a22616374696f6e223b733a383a223c616374696f6e3e223b7d733a31323a22726f7574655061747465726e223b733a33323a222f5e736974655c2f283f503c616374696f6e3e28636f6e746163742929242f75223b733a373a227061747465726e223b733a35303a222f5e283f503c6c616e67756167653e28726f7c656e29295c2f283f503c616374696f6e3e28636f6e7461637429295c2f2f75223b733a383a2274656d706c617465223b733a31393a223c6c616e67756167653e2f3c616374696f6e3e223b733a363a22706172616d73223b613a313a7b733a383a226c616e6775616765223b733a373a2228726f7c656e29223b7d733a363a22617070656e64223b623a313b733a31313a22686173486f7374496e666f223b623a303b733a31343a220043436f6d706f6e656e74005f65223b4e3b733a31343a220043436f6d706f6e656e74005f6d223b4e3b7d693a323b4f3a383a224355726c52756c65223a31363a7b733a393a2275726c537566666978223b4e3b733a31333a226361736553656e736974697665223b4e3b733a31333a2264656661756c74506172616d73223b613a303a7b7d733a31303a226d6174636856616c7565223b4e3b733a343a2276657262223b4e3b733a31313a2270617273696e674f6e6c79223b623a303b733a353a22726f757465223b733a31353a227374617469632f3c616374696f6e3e223b733a31303a227265666572656e636573223b613a313a7b733a363a22616374696f6e223b733a383a223c616374696f6e3e223b7d733a31323a22726f7574655061747465726e223b733a33363a222f5e7374617469635c2f283f503c616374696f6e3e286c6567616c7c6661712929242f75223b733a373a227061747465726e223b733a35323a222f5e283f503c6c616e67756167653e28726f7c656e29295c2f283f503c616374696f6e3e286c6567616c7c66617129295c2f2f75223b733a383a2274656d706c617465223b733a31393a223c6c616e67756167653e2f3c616374696f6e3e223b733a363a22706172616d73223b613a313a7b733a383a226c616e6775616765223b733a373a2228726f7c656e29223b7d733a363a22617070656e64223b623a313b733a31313a22686173486f7374496e666f223b623a303b733a31343a220043436f6d706f6e656e74005f65223b4e3b733a31343a220043436f6d706f6e656e74005f6d223b4e3b7d693a333b4f3a383a224355726c52756c65223a31363a7b733a393a2275726c537566666978223b4e3b733a31333a226361736553656e736974697665223b4e3b733a31333a2264656661756c74506172616d73223b613a303a7b7d733a31303a226d6174636856616c7565223b4e3b733a343a2276657262223b4e3b733a31313a2270617273696e674f6e6c79223b623a303b733a353a22726f757465223b733a31333a22757365722f3c616374696f6e3e223b733a31303a227265666572656e636573223b613a313a7b733a363a22616374696f6e223b733a383a223c616374696f6e3e223b7d733a31323a22726f7574655061747465726e223b733a38323a222f5e757365725c2f283f503c616374696f6e3e286c6f67696e7c6c6f676f75747c72656769737465727c72657365742d70617373776f72647c6d792d6163636f756e747c7375627363726962652929242f75223b733a373a227061747465726e223b733a3130303a222f5e283f503c6c616e67756167653e28726f7c656e29295c2f283f503c616374696f6e3e286c6f67696e7c6c6f676f75747c72656769737465727c72657365742d70617373776f72647c6d792d6163636f756e747c73756273637269626529295c2f2f75223b733a383a2274656d706c617465223b733a31393a223c6c616e67756167653e2f3c616374696f6e3e223b733a363a22706172616d73223b613a313a7b733a383a226c616e6775616765223b733a373a2228726f7c656e29223b7d733a363a22617070656e64223b623a313b733a31313a22686173486f7374496e666f223b623a303b733a31343a220043436f6d706f6e656e74005f65223b4e3b733a31343a220043436f6d706f6e656e74005f6d223b4e3b7d693a343b4f3a383a224355726c52756c65223a31363a7b733a393a2275726c537566666978223b4e3b733a31333a226361736553656e736974697665223b4e3b733a31333a2264656661756c74506172616d73223b613a303a7b7d733a31303a226d6174636856616c7565223b4e3b733a343a2276657262223b4e3b733a31313a2270617273696e674f6e6c79223b623a303b733a353a22726f757465223b733a31303a22736974652f696e646578223b733a31303a227265666572656e636573223b613a303a7b7d733a31323a22726f7574655061747465726e223b4e3b733a373a227061747465726e223b733a373a222f5e5c2f242f75223b733a383a2274656d706c617465223b733a303a22223b733a363a22706172616d73223b613a303a7b7d733a363a22617070656e64223b623a303b733a31313a22686173486f7374496e666f223b623a303b733a31343a220043436f6d706f6e656e74005f65223b4e3b733a31343a220043436f6d706f6e656e74005f6d223b4e3b7d693a353b4f3a383a224355726c52756c65223a31363a7b733a393a2275726c537566666978223b4e3b733a31333a226361736553656e736974697665223b4e3b733a31333a2264656661756c74506172616d73223b613a303a7b7d733a31303a226d6174636856616c7565223b4e3b733a343a2276657262223b4e3b733a31313a2270617273696e674f6e6c79223b623a303b733a353a22726f757465223b733a31313a22736974652f736561726368223b733a31303a227265666572656e636573223b613a303a7b7d733a31323a22726f7574655061747465726e223b4e3b733a373a227061747465726e223b733a31333a222f5e7365617263685c2f242f75223b733a383a2274656d706c617465223b733a363a22736561726368223b733a363a22706172616d73223b613a303a7b7d733a363a22617070656e64223b623a303b733a31313a22686173486f7374496e666f223b623a303b733a31343a220043436f6d706f6e656e74005f65223b4e3b733a31343a220043436f6d706f6e656e74005f6d223b4e3b7d693a363b4f3a383a224355726c52756c65223a31363a7b733a393a2275726c537566666978223b4e3b733a31333a226361736553656e736974697665223b4e3b733a31333a2264656661756c74506172616d73223b613a303a7b7d733a31303a226d6174636856616c7565223b4e3b733a343a2276657262223b4e3b733a31313a2270617273696e674f6e6c79223b623a303b733a353a22726f757465223b733a31323a22736974652f636f6e74616374223b733a31303a227265666572656e636573223b613a303a7b7d733a31323a22726f7574655061747465726e223b4e3b733a373a227061747465726e223b733a31343a222f5e636f6e746163745c2f242f75223b733a383a2274656d706c617465223b733a373a22636f6e74616374223b733a363a22706172616d73223b613a303a7b7d733a363a22617070656e64223b623a303b733a31313a22686173486f7374496e666f223b623a303b733a31343a220043436f6d706f6e656e74005f65223b4e3b733a31343a220043436f6d706f6e656e74005f6d223b4e3b7d693a373b4f3a383a224355726c52756c65223a31363a7b733a393a2275726c537566666978223b4e3b733a31333a226361736553656e736974697665223b4e3b733a31333a2264656661756c74506172616d73223b613a303a7b7d733a31303a226d6174636856616c7565223b4e3b733a343a2276657262223b4e3b733a31313a2270617273696e674f6e6c79223b623a303b733a353a22726f757465223b733a31323a22736974652f636f6e74616374223b733a31303a227265666572656e636573223b613a303a7b7d733a31323a22726f7574655061747465726e223b4e3b733a373a227061747465726e223b733a33343a222f5e283f503c6c616e67756167653e28656e29295c2f636f6e746163745c2f242f75223b733a383a2274656d706c617465223b733a31383a223c6c616e67756167653e2f636f6e74616374223b733a363a22706172616d73223b613a313a7b733a383a226c616e6775616765223b733a343a2228656e29223b7d733a363a22617070656e64223b623a303b733a31313a22686173486f7374496e666f223b623a303b733a31343a220043436f6d706f6e656e74005f65223b4e3b733a31343a220043436f6d706f6e656e74005f6d223b4e3b7d693a383b4f3a383a224355726c52756c65223a31363a7b733a393a2275726c537566666978223b4e3b733a31333a226361736553656e736974697665223b4e3b733a31333a2264656661756c74506172616d73223b613a303a7b7d733a31303a226d6174636856616c7565223b4e3b733a343a2276657262223b4e3b733a31313a2270617273696e674f6e6c79223b623a303b733a353a22726f757465223b733a31303a22757365722f6c6f67696e223b733a31303a227265666572656e636573223b613a303a7b7d733a31323a22726f7574655061747465726e223b4e3b733a373a227061747465726e223b733a31323a222f5e6c6f67696e5c2f242f75223b733a383a2274656d706c617465223b733a353a226c6f67696e223b733a363a22706172616d73223b613a303a7b7d733a363a22617070656e64223b623a303b733a31313a22686173486f7374496e666f223b623a303b733a31343a220043436f6d706f6e656e74005f65223b4e3b733a31343a220043436f6d706f6e656e74005f6d223b4e3b7d693a393b4f3a383a224355726c52756c65223a31363a7b733a393a2275726c537566666978223b4e3b733a31333a226361736553656e736974697665223b4e3b733a31333a2264656661756c74506172616d73223b613a303a7b7d733a31303a226d6174636856616c7565223b4e3b733a343a2276657262223b4e3b733a31313a2270617273696e674f6e6c79223b623a303b733a353a22726f757465223b733a31313a22757365722f6c6f676f7574223b733a31303a227265666572656e636573223b613a303a7b7d733a31323a22726f7574655061747465726e223b4e3b733a373a227061747465726e223b733a31333a222f5e6c6f676f75745c2f242f75223b733a383a2274656d706c617465223b733a363a226c6f676f7574223b733a363a22706172616d73223b613a303a7b7d733a363a22617070656e64223b623a303b733a31313a22686173486f7374496e666f223b623a303b733a31343a220043436f6d706f6e656e74005f65223b4e3b733a31343a220043436f6d706f6e656e74005f6d223b4e3b7d693a31303b4f3a383a224355726c52756c65223a31363a7b733a393a2275726c537566666978223b4e3b733a31333a226361736553656e736974697665223b4e3b733a31333a2264656661756c74506172616d73223b613a303a7b7d733a31303a226d6174636856616c7565223b4e3b733a343a2276657262223b4e3b733a31313a2270617273696e674f6e6c79223b623a303b733a353a22726f757465223b733a31333a22757365722f7265676973746572223b733a31303a227265666572656e636573223b613a303a7b7d733a31323a22726f7574655061747465726e223b4e3b733a373a227061747465726e223b733a31353a222f5e72656769737465725c2f242f75223b733a383a2274656d706c617465223b733a383a227265676973746572223b733a363a22706172616d73223b613a303a7b7d733a363a22617070656e64223b623a303b733a31313a22686173486f7374496e666f223b623a303b733a31343a220043436f6d706f6e656e74005f65223b4e3b733a31343a220043436f6d706f6e656e74005f6d223b4e3b7d693a31313b4f3a383a224355726c52756c65223a31363a7b733a393a2275726c537566666978223b4e3b733a31333a226361736553656e736974697665223b4e3b733a31333a2264656661756c74506172616d73223b613a303a7b7d733a31303a226d6174636856616c7565223b4e3b733a343a2276657262223b4e3b733a31313a2270617273696e674f6e6c79223b623a303b733a353a22726f757465223b733a31383a22757365722f726573657450617373776f7264223b733a31303a227265666572656e636573223b613a303a7b7d733a31323a22726f7574655061747465726e223b4e3b733a373a227061747465726e223b733a32323a222f5e72657365745c2d70617373776f72645c2f242f75223b733a383a2274656d706c617465223b733a31343a2272657365742d70617373776f7264223b733a363a22706172616d73223b613a303a7b7d733a363a22617070656e64223b623a303b733a31313a22686173486f7374496e666f223b623a303b733a31343a220043436f6d706f6e656e74005f65223b4e3b733a31343a220043436f6d706f6e656e74005f6d223b4e3b7d693a31323b4f3a383a224355726c52756c65223a31363a7b733a393a2275726c537566666978223b4e3b733a31333a226361736553656e736974697665223b4e3b733a31333a2264656661756c74506172616d73223b613a303a7b7d733a31303a226d6174636856616c7565223b4e3b733a343a2276657262223b4e3b733a31313a2270617273696e674f6e6c79223b623a303b733a353a22726f757465223b733a31303a22757365722f696e646578223b733a31303a227265666572656e636573223b613a303a7b7d733a31323a22726f7574655061747465726e223b4e3b733a373a227061747465726e223b733a31383a222f5e6d795c2d6163636f756e745c2f242f75223b733a383a2274656d706c617465223b733a31303a226d792d6163636f756e74223b733a363a22706172616d73223b613a303a7b7d733a363a22617070656e64223b623a303b733a31313a22686173486f7374496e666f223b623a303b733a31343a220043436f6d706f6e656e74005f65223b4e3b733a31343a220043436f6d706f6e656e74005f6d223b4e3b7d693a31333b4f3a383a224355726c52756c65223a31363a7b733a393a2275726c537566666978223b4e3b733a31333a226361736553656e736974697665223b4e3b733a31333a2264656661756c74506172616d73223b613a303a7b7d733a31303a226d6174636856616c7565223b4e3b733a343a2276657262223b4e3b733a31313a2270617273696e674f6e6c79223b623a303b733a353a22726f757465223b733a31343a22757365722f737562736372696265223b733a31303a227265666572656e636573223b613a303a7b7d733a31323a22726f7574655061747465726e223b4e3b733a373a227061747465726e223b733a31363a222f5e7375627363726962655c2f242f75223b733a383a2274656d706c617465223b733a393a22737562736372696265223b733a363a22706172616d73223b613a303a7b7d733a363a22617070656e64223b623a303b733a31313a22686173486f7374496e666f223b623a303b733a31343a220043436f6d706f6e656e74005f65223b4e3b733a31343a220043436f6d706f6e656e74005f6d223b4e3b7d693a31343b4f3a383a224355726c52756c65223a31363a7b733a393a2275726c537566666978223b4e3b733a31333a226361736553656e736974697665223b4e3b733a31333a2264656661756c74506172616d73223b613a303a7b7d733a31303a226d6174636856616c7565223b4e3b733a343a2276657262223b4e3b733a31313a2270617273696e674f6e6c79223b623a303b733a353a22726f757465223b733a31373a223c636f6e74726f6c6c65723e2f76696577223b733a31303a227265666572656e636573223b613a313a7b733a31303a22636f6e74726f6c6c6572223b733a31323a223c636f6e74726f6c6c65723e223b7d733a31323a22726f7574655061747465726e223b733a33303a222f5e283f503c636f6e74726f6c6c65723e5c772b295c2f76696577242f75223b733a373a227061747465726e223b733a36323a222f5e283f503c6c616e67756167653e28726f7c656e29295c2f283f503c636f6e74726f6c6c65723e5c772b295c2f283f503c69643e5c642b295c2f242f75223b733a383a2274656d706c617465223b733a32383a223c6c616e67756167653e2f3c636f6e74726f6c6c65723e2f3c69643e223b733a363a22706172616d73223b613a323a7b733a383a226c616e6775616765223b733a373a2228726f7c656e29223b733a323a226964223b733a333a225c642b223b7d733a363a22617070656e64223b623a303b733a31313a22686173486f7374496e666f223b623a303b733a31343a220043436f6d706f6e656e74005f65223b4e3b733a31343a220043436f6d706f6e656e74005f6d223b4e3b7d693a31353b4f3a383a224355726c52756c65223a31363a7b733a393a2275726c537566666978223b4e3b733a31333a226361736553656e736974697665223b4e3b733a31333a2264656661756c74506172616d73223b613a303a7b7d733a31303a226d6174636856616c7565223b4e3b733a343a2276657262223b4e3b733a31313a2270617273696e674f6e6c79223b623a303b733a353a22726f757465223b733a32313a223c636f6e74726f6c6c65723e2f3c616374696f6e3e223b733a31303a227265666572656e636573223b613a323a7b733a31303a22636f6e74726f6c6c6572223b733a31323a223c636f6e74726f6c6c65723e223b733a363a22616374696f6e223b733a383a223c616374696f6e3e223b7d733a31323a22726f7574655061747465726e223b733a34313a222f5e283f503c636f6e74726f6c6c65723e5c772b295c2f283f503c616374696f6e3e5c772b29242f75223b733a373a227061747465726e223b733a37393a222f5e283f503c6c616e67756167653e28726f7c656e29295c2f283f503c636f6e74726f6c6c65723e5c772b295c2f283f503c616374696f6e3e5c772b295c2f283f503c69643e5c642b295c2f242f75223b733a383a2274656d706c617465223b733a33373a223c6c616e67756167653e2f3c636f6e74726f6c6c65723e2f3c616374696f6e3e2f3c69643e223b733a363a22706172616d73223b613a323a7b733a383a226c616e6775616765223b733a373a2228726f7c656e29223b733a323a226964223b733a333a225c642b223b7d733a363a22617070656e64223b623a303b733a31313a22686173486f7374496e666f223b623a303b733a31343a220043436f6d706f6e656e74005f65223b4e3b733a31343a220043436f6d706f6e656e74005f6d223b4e3b7d693a31363b4f3a383a224355726c52756c65223a31363a7b733a393a2275726c537566666978223b4e3b733a31333a226361736553656e736974697665223b4e3b733a31333a2264656661756c74506172616d73223b613a303a7b7d733a31303a226d6174636856616c7565223b4e3b733a343a2276657262223b4e3b733a31313a2270617273696e674f6e6c79223b623a303b733a353a22726f757465223b733a32313a223c636f6e74726f6c6c65723e2f3c616374696f6e3e223b733a31303a227265666572656e636573223b613a323a7b733a31303a22636f6e74726f6c6c6572223b733a31323a223c636f6e74726f6c6c65723e223b733a363a22616374696f6e223b733a383a223c616374696f6e3e223b7d733a31323a22726f7574655061747465726e223b733a34313a222f5e283f503c636f6e74726f6c6c65723e5c772b295c2f283f503c616374696f6e3e5c772b29242f75223b733a373a227061747465726e223b733a36353a222f5e283f503c6c616e67756167653e28726f7c656e29295c2f283f503c636f6e74726f6c6c65723e5c772b295c2f283f503c616374696f6e3e5c772b295c2f2f75223b733a383a2274656d706c617465223b733a33323a223c6c616e67756167653e2f3c636f6e74726f6c6c65723e2f3c616374696f6e3e223b733a363a22706172616d73223b613a313a7b733a383a226c616e6775616765223b733a373a2228726f7c656e29223b7d733a363a22617070656e64223b623a313b733a31313a22686173486f7374496e666f223b623a303b733a31343a220043436f6d706f6e656e74005f65223b4e3b733a31343a220043436f6d706f6e656e74005f6d223b4e3b7d693a31373b4f3a383a224355726c52756c65223a31363a7b733a393a2275726c537566666978223b4e3b733a31333a226361736553656e736974697665223b4e3b733a31333a2264656661756c74506172616d73223b613a303a7b7d733a31303a226d6174636856616c7565223b4e3b733a343a2276657262223b4e3b733a31313a2270617273696e674f6e6c79223b623a303b733a353a22726f757465223b733a32313a223c636f6e74726f6c6c65723e2f3c616374696f6e3e223b733a31303a227265666572656e636573223b613a323a7b733a31303a22636f6e74726f6c6c6572223b733a31323a223c636f6e74726f6c6c65723e223b733a363a22616374696f6e223b733a383a223c616374696f6e3e223b7d733a31323a22726f7574655061747465726e223b733a34313a222f5e283f503c636f6e74726f6c6c65723e5c772b295c2f283f503c616374696f6e3e5c772b29242f75223b733a373a227061747465726e223b733a35363a222f5e283f503c636f6e74726f6c6c65723e5c772b295c2f283f503c616374696f6e3e5c772b295c2f283f503c69643e5c642b295c2f242f75223b733a383a2274656d706c617465223b733a32363a223c636f6e74726f6c6c65723e2f3c616374696f6e3e2f3c69643e223b733a363a22706172616d73223b613a313a7b733a323a226964223b733a333a225c642b223b7d733a363a22617070656e64223b623a303b733a31313a22686173486f7374496e666f223b623a303b733a31343a220043436f6d706f6e656e74005f65223b4e3b733a31343a220043436f6d706f6e656e74005f6d223b4e3b7d693a31383b4f3a383a224355726c52756c65223a31363a7b733a393a2275726c537566666978223b4e3b733a31333a226361736553656e736974697665223b4e3b733a31333a2264656661756c74506172616d73223b613a303a7b7d733a31303a226d6174636856616c7565223b4e3b733a343a2276657262223b4e3b733a31313a2270617273696e674f6e6c79223b623a303b733a353a22726f757465223b733a32313a223c636f6e74726f6c6c65723e2f3c616374696f6e3e223b733a31303a227265666572656e636573223b613a323a7b733a31303a22636f6e74726f6c6c6572223b733a31323a223c636f6e74726f6c6c65723e223b733a363a22616374696f6e223b733a383a223c616374696f6e3e223b7d733a31323a22726f7574655061747465726e223b733a34313a222f5e283f503c636f6e74726f6c6c65723e5c772b295c2f283f503c616374696f6e3e5c772b29242f75223b733a373a227061747465726e223b733a34333a222f5e283f503c636f6e74726f6c6c65723e5c772b295c2f283f503c616374696f6e3e5c772b295c2f242f75223b733a383a2274656d706c617465223b733a32313a223c636f6e74726f6c6c65723e2f3c616374696f6e3e223b733a363a22706172616d73223b613a303a7b7d733a363a22617070656e64223b623a303b733a31313a22686173486f7374496e666f223b623a303b733a31343a220043436f6d706f6e656e74005f65223b4e3b733a31343a220043436f6d706f6e656e74005f6d223b4e3b7d7d693a313b733a33323a223130666132616631326135343930666539373838316262643864646333346265223b7d693a313b4e3b7d),
('b3d94a6c4ab0a93b833b58aa8cbc339e', 0, 0x613a323a7b693a303b613a323a7b693a303b613a31313a7b693a303b4f3a383a224355726c52756c65223a31363a7b733a393a2275726c537566666978223b4e3b733a31333a226361736553656e736974697665223b4e3b733a31333a2264656661756c74506172616d73223b613a303a7b7d733a31303a226d6174636856616c7565223b4e3b733a343a2276657262223b4e3b733a31313a2270617273696e674f6e6c79223b623a303b733a353a22726f757465223b733a31303a22757365722f6c6f67696e223b733a31303a227265666572656e636573223b613a303a7b7d733a31323a22726f7574655061747465726e223b4e3b733a373a227061747465726e223b733a31323a222f5e6c6f67696e5c2f242f75223b733a383a2274656d706c617465223b733a353a226c6f67696e223b733a363a22706172616d73223b613a303a7b7d733a363a22617070656e64223b623a303b733a31313a22686173486f7374496e666f223b623a303b733a31343a220043436f6d706f6e656e74005f65223b4e3b733a31343a220043436f6d706f6e656e74005f6d223b4e3b7d693a313b4f3a383a224355726c52756c65223a31363a7b733a393a2275726c537566666978223b4e3b733a31333a226361736553656e736974697665223b4e3b733a31333a2264656661756c74506172616d73223b613a303a7b7d733a31303a226d6174636856616c7565223b4e3b733a343a2276657262223b4e3b733a31313a2270617273696e674f6e6c79223b623a303b733a353a22726f757465223b733a31313a22757365722f6c6f676f7574223b733a31303a227265666572656e636573223b613a303a7b7d733a31323a22726f7574655061747465726e223b4e3b733a373a227061747465726e223b733a31333a222f5e6c6f676f75745c2f242f75223b733a383a2274656d706c617465223b733a363a226c6f676f7574223b733a363a22706172616d73223b613a303a7b7d733a363a22617070656e64223b623a303b733a31313a22686173486f7374496e666f223b623a303b733a31343a220043436f6d706f6e656e74005f65223b4e3b733a31343a220043436f6d706f6e656e74005f6d223b4e3b7d693a323b4f3a383a224355726c52756c65223a31363a7b733a393a2275726c537566666978223b4e3b733a31333a226361736553656e736974697665223b4e3b733a31333a2264656661756c74506172616d73223b613a303a7b7d733a31303a226d6174636856616c7565223b4e3b733a343a2276657262223b4e3b733a31313a2270617273696e674f6e6c79223b623a303b733a353a22726f757465223b733a31333a22757365722f7265676973746572223b733a31303a227265666572656e636573223b613a303a7b7d733a31323a22726f7574655061747465726e223b4e3b733a373a227061747465726e223b733a31353a222f5e72656769737465725c2f242f75223b733a383a2274656d706c617465223b733a383a227265676973746572223b733a363a22706172616d73223b613a303a7b7d733a363a22617070656e64223b623a303b733a31313a22686173486f7374496e666f223b623a303b733a31343a220043436f6d706f6e656e74005f65223b4e3b733a31343a220043436f6d706f6e656e74005f6d223b4e3b7d693a333b4f3a383a224355726c52756c65223a31363a7b733a393a2275726c537566666978223b4e3b733a31333a226361736553656e736974697665223b4e3b733a31333a2264656661756c74506172616d73223b613a303a7b7d733a31303a226d6174636856616c7565223b4e3b733a343a2276657262223b4e3b733a31313a2270617273696e674f6e6c79223b623a303b733a353a22726f757465223b733a31383a22757365722f726573657450617373776f7264223b733a31303a227265666572656e636573223b613a303a7b7d733a31323a22726f7574655061747465726e223b4e3b733a373a227061747465726e223b733a32323a222f5e72657365745c2d70617373776f72645c2f242f75223b733a383a2274656d706c617465223b733a31343a2272657365742d70617373776f7264223b733a363a22706172616d73223b613a303a7b7d733a363a22617070656e64223b623a303b733a31313a22686173486f7374496e666f223b623a303b733a31343a220043436f6d706f6e656e74005f65223b4e3b733a31343a220043436f6d706f6e656e74005f6d223b4e3b7d693a343b4f3a383a224355726c52756c65223a31363a7b733a393a2275726c537566666978223b4e3b733a31333a226361736553656e736974697665223b4e3b733a31333a2264656661756c74506172616d73223b613a303a7b7d733a31303a226d6174636856616c7565223b4e3b733a343a2276657262223b4e3b733a31313a2270617273696e674f6e6c79223b623a303b733a353a22726f757465223b733a31303a22757365722f696e646578223b733a31303a227265666572656e636573223b613a303a7b7d733a31323a22726f7574655061747465726e223b4e3b733a373a227061747465726e223b733a31383a222f5e6d795c2d6163636f756e745c2f242f75223b733a383a2274656d706c617465223b733a31303a226d792d6163636f756e74223b733a363a22706172616d73223b613a303a7b7d733a363a22617070656e64223b623a303b733a31313a22686173486f7374496e666f223b623a303b733a31343a220043436f6d706f6e656e74005f65223b4e3b733a31343a220043436f6d706f6e656e74005f6d223b4e3b7d693a353b4f3a383a224355726c52756c65223a31363a7b733a393a2275726c537566666978223b4e3b733a31333a226361736553656e736974697665223b4e3b733a31333a2264656661756c74506172616d73223b613a303a7b7d733a31303a226d6174636856616c7565223b4e3b733a343a2276657262223b4e3b733a31313a2270617273696e674f6e6c79223b623a303b733a353a22726f757465223b733a31343a22757365722f737562736372696265223b733a31303a227265666572656e636573223b613a303a7b7d733a31323a22726f7574655061747465726e223b4e3b733a373a227061747465726e223b733a31363a222f5e7375627363726962655c2f242f75223b733a383a2274656d706c617465223b733a393a22737562736372696265223b733a363a22706172616d73223b613a303a7b7d733a363a22617070656e64223b623a303b733a31313a22686173486f7374496e666f223b623a303b733a31343a220043436f6d706f6e656e74005f65223b4e3b733a31343a220043436f6d706f6e656e74005f6d223b4e3b7d693a363b4f3a383a224355726c52756c65223a31363a7b733a393a2275726c537566666978223b4e3b733a31333a226361736553656e736974697665223b4e3b733a31333a2264656661756c74506172616d73223b613a303a7b7d733a31303a226d6174636856616c7565223b4e3b733a343a2276657262223b4e3b733a31313a2270617273696e674f6e6c79223b623a303b733a353a22726f757465223b733a31373a223c636f6e74726f6c6c65723e2f76696577223b733a31303a227265666572656e636573223b613a313a7b733a31303a22636f6e74726f6c6c6572223b733a31323a223c636f6e74726f6c6c65723e223b7d733a31323a22726f7574655061747465726e223b733a33303a222f5e283f503c636f6e74726f6c6c65723e5c772b295c2f76696577242f75223b733a373a227061747465726e223b733a36323a222f5e283f503c6c616e67756167653e28726f7c656e29295c2f283f503c636f6e74726f6c6c65723e5c772b295c2f283f503c69643e5c642b295c2f242f75223b733a383a2274656d706c617465223b733a32383a223c6c616e67756167653e2f3c636f6e74726f6c6c65723e2f3c69643e223b733a363a22706172616d73223b613a323a7b733a383a226c616e6775616765223b733a373a2228726f7c656e29223b733a323a226964223b733a333a225c642b223b7d733a363a22617070656e64223b623a303b733a31313a22686173486f7374496e666f223b623a303b733a31343a220043436f6d706f6e656e74005f65223b4e3b733a31343a220043436f6d706f6e656e74005f6d223b4e3b7d693a373b4f3a383a224355726c52756c65223a31363a7b733a393a2275726c537566666978223b4e3b733a31333a226361736553656e736974697665223b4e3b733a31333a2264656661756c74506172616d73223b613a303a7b7d733a31303a226d6174636856616c7565223b4e3b733a343a2276657262223b4e3b733a31313a2270617273696e674f6e6c79223b623a303b733a353a22726f757465223b733a32313a223c636f6e74726f6c6c65723e2f3c616374696f6e3e223b733a31303a227265666572656e636573223b613a323a7b733a31303a22636f6e74726f6c6c6572223b733a31323a223c636f6e74726f6c6c65723e223b733a363a22616374696f6e223b733a383a223c616374696f6e3e223b7d733a31323a22726f7574655061747465726e223b733a34313a222f5e283f503c636f6e74726f6c6c65723e5c772b295c2f283f503c616374696f6e3e5c772b29242f75223b733a373a227061747465726e223b733a37393a222f5e283f503c6c616e67756167653e28726f7c656e29295c2f283f503c636f6e74726f6c6c65723e5c772b295c2f283f503c616374696f6e3e5c772b295c2f283f503c69643e5c642b295c2f242f75223b733a383a2274656d706c617465223b733a33373a223c6c616e67756167653e2f3c636f6e74726f6c6c65723e2f3c616374696f6e3e2f3c69643e223b733a363a22706172616d73223b613a323a7b733a383a226c616e6775616765223b733a373a2228726f7c656e29223b733a323a226964223b733a333a225c642b223b7d733a363a22617070656e64223b623a303b733a31313a22686173486f7374496e666f223b623a303b733a31343a220043436f6d706f6e656e74005f65223b4e3b733a31343a220043436f6d706f6e656e74005f6d223b4e3b7d693a383b4f3a383a224355726c52756c65223a31363a7b733a393a2275726c537566666978223b4e3b733a31333a226361736553656e736974697665223b4e3b733a31333a2264656661756c74506172616d73223b613a303a7b7d733a31303a226d6174636856616c7565223b4e3b733a343a2276657262223b4e3b733a31313a2270617273696e674f6e6c79223b623a303b733a353a22726f757465223b733a32313a223c636f6e74726f6c6c65723e2f3c616374696f6e3e223b733a31303a227265666572656e636573223b613a323a7b733a31303a22636f6e74726f6c6c6572223b733a31323a223c636f6e74726f6c6c65723e223b733a363a22616374696f6e223b733a383a223c616374696f6e3e223b7d733a31323a22726f7574655061747465726e223b733a34313a222f5e283f503c636f6e74726f6c6c65723e5c772b295c2f283f503c616374696f6e3e5c772b29242f75223b733a373a227061747465726e223b733a36353a222f5e283f503c6c616e67756167653e28726f7c656e29295c2f283f503c636f6e74726f6c6c65723e5c772b295c2f283f503c616374696f6e3e5c772b295c2f2f75223b733a383a2274656d706c617465223b733a33323a223c6c616e67756167653e2f3c636f6e74726f6c6c65723e2f3c616374696f6e3e223b733a363a22706172616d73223b613a313a7b733a383a226c616e6775616765223b733a373a2228726f7c656e29223b7d733a363a22617070656e64223b623a313b733a31313a22686173486f7374496e666f223b623a303b733a31343a220043436f6d706f6e656e74005f65223b4e3b733a31343a220043436f6d706f6e656e74005f6d223b4e3b7d693a393b4f3a383a224355726c52756c65223a31363a7b733a393a2275726c537566666978223b4e3b733a31333a226361736553656e736974697665223b4e3b733a31333a2264656661756c74506172616d73223b613a303a7b7d733a31303a226d6174636856616c7565223b4e3b733a343a2276657262223b4e3b733a31313a2270617273696e674f6e6c79223b623a303b733a353a22726f757465223b733a32313a223c636f6e74726f6c6c65723e2f3c616374696f6e3e223b733a31303a227265666572656e636573223b613a323a7b733a31303a22636f6e74726f6c6c6572223b733a31323a223c636f6e74726f6c6c65723e223b733a363a22616374696f6e223b733a383a223c616374696f6e3e223b7d733a31323a22726f7574655061747465726e223b733a34313a222f5e283f503c636f6e74726f6c6c65723e5c772b295c2f283f503c616374696f6e3e5c772b29242f75223b733a373a227061747465726e223b733a35363a222f5e283f503c636f6e74726f6c6c65723e5c772b295c2f283f503c616374696f6e3e5c772b295c2f283f503c69643e5c642b295c2f242f75223b733a383a2274656d706c617465223b733a32363a223c636f6e74726f6c6c65723e2f3c616374696f6e3e2f3c69643e223b733a363a22706172616d73223b613a313a7b733a323a226964223b733a333a225c642b223b7d733a363a22617070656e64223b623a303b733a31313a22686173486f7374496e666f223b623a303b733a31343a220043436f6d706f6e656e74005f65223b4e3b733a31343a220043436f6d706f6e656e74005f6d223b4e3b7d693a31303b4f3a383a224355726c52756c65223a31363a7b733a393a2275726c537566666978223b4e3b733a31333a226361736553656e736974697665223b4e3b733a31333a2264656661756c74506172616d73223b613a303a7b7d733a31303a226d6174636856616c7565223b4e3b733a343a2276657262223b4e3b733a31313a2270617273696e674f6e6c79223b623a303b733a353a22726f757465223b733a32313a223c636f6e74726f6c6c65723e2f3c616374696f6e3e223b733a31303a227265666572656e636573223b613a323a7b733a31303a22636f6e74726f6c6c6572223b733a31323a223c636f6e74726f6c6c65723e223b733a363a22616374696f6e223b733a383a223c616374696f6e3e223b7d733a31323a22726f7574655061747465726e223b733a34313a222f5e283f503c636f6e74726f6c6c65723e5c772b295c2f283f503c616374696f6e3e5c772b29242f75223b733a373a227061747465726e223b733a34333a222f5e283f503c636f6e74726f6c6c65723e5c772b295c2f283f503c616374696f6e3e5c772b295c2f242f75223b733a383a2274656d706c617465223b733a32313a223c636f6e74726f6c6c65723e2f3c616374696f6e3e223b733a363a22706172616d73223b613a303a7b7d733a363a22617070656e64223b623a303b733a31313a22686173486f7374496e666f223b623a303b733a31343a220043436f6d706f6e656e74005f65223b4e3b733a31343a220043436f6d706f6e656e74005f6d223b4e3b7d7d693a313b733a33323a223939666133643437343638386334356238636533313531363463306662333730223b7d693a313b4e3b7d),
('ff46b084f567e0f5ccb8723952c0f149', 0, 0x613a323a7b693a303b613a323a7b693a303b613a31353a7b693a303b4f3a383a224355726c52756c65223a31363a7b733a393a2275726c537566666978223b4e3b733a31333a226361736553656e736974697665223b4e3b733a31333a2264656661756c74506172616d73223b613a303a7b7d733a31303a226d6174636856616c7565223b4e3b733a343a2276657262223b4e3b733a31313a2270617273696e674f6e6c79223b623a303b733a353a22726f757465223b733a31303a22736974652f696e646578223b733a31303a227265666572656e636573223b613a303a7b7d733a31323a22726f7574655061747465726e223b4e3b733a373a227061747465726e223b733a373a222f5e5c2f242f75223b733a383a2274656d706c617465223b733a303a22223b733a363a22706172616d73223b613a303a7b7d733a363a22617070656e64223b623a303b733a31313a22686173486f7374496e666f223b623a303b733a31343a220043436f6d706f6e656e74005f65223b4e3b733a31343a220043436f6d706f6e656e74005f6d223b4e3b7d693a313b4f3a383a224355726c52756c65223a31363a7b733a393a2275726c537566666978223b4e3b733a31333a226361736553656e736974697665223b4e3b733a31333a2264656661756c74506172616d73223b613a303a7b7d733a31303a226d6174636856616c7565223b4e3b733a343a2276657262223b4e3b733a31313a2270617273696e674f6e6c79223b623a303b733a353a22726f757465223b733a31313a22736974652f736561726368223b733a31303a227265666572656e636573223b613a303a7b7d733a31323a22726f7574655061747465726e223b4e3b733a373a227061747465726e223b733a31333a222f5e7365617263685c2f242f75223b733a383a2274656d706c617465223b733a363a22736561726368223b733a363a22706172616d73223b613a303a7b7d733a363a22617070656e64223b623a303b733a31313a22686173486f7374496e666f223b623a303b733a31343a220043436f6d706f6e656e74005f65223b4e3b733a31343a220043436f6d706f6e656e74005f6d223b4e3b7d693a323b4f3a383a224355726c52756c65223a31363a7b733a393a2275726c537566666978223b4e3b733a31333a226361736553656e736974697665223b4e3b733a31333a2264656661756c74506172616d73223b613a303a7b7d733a31303a226d6174636856616c7565223b4e3b733a343a2276657262223b4e3b733a31313a2270617273696e674f6e6c79223b623a303b733a353a22726f757465223b733a31323a22736974652f636f6e74616374223b733a31303a227265666572656e636573223b613a303a7b7d733a31323a22726f7574655061747465726e223b4e3b733a373a227061747465726e223b733a31343a222f5e636f6e746163745c2f242f75223b733a383a2274656d706c617465223b733a373a22636f6e74616374223b733a363a22706172616d73223b613a303a7b7d733a363a22617070656e64223b623a303b733a31313a22686173486f7374496e666f223b623a303b733a31343a220043436f6d706f6e656e74005f65223b4e3b733a31343a220043436f6d706f6e656e74005f6d223b4e3b7d693a333b4f3a383a224355726c52756c65223a31363a7b733a393a2275726c537566666978223b4e3b733a31333a226361736553656e736974697665223b4e3b733a31333a2264656661756c74506172616d73223b613a303a7b7d733a31303a226d6174636856616c7565223b4e3b733a343a2276657262223b4e3b733a31313a2270617273696e674f6e6c79223b623a303b733a353a22726f757465223b733a31323a22736974652f636f6e74616374223b733a31303a227265666572656e636573223b613a303a7b7d733a31323a22726f7574655061747465726e223b4e3b733a373a227061747465726e223b733a33343a222f5e283f503c6c616e67756167653e28656e29295c2f636f6e746163745c2f242f75223b733a383a2274656d706c617465223b733a31383a223c6c616e67756167653e2f636f6e74616374223b733a363a22706172616d73223b613a313a7b733a383a226c616e6775616765223b733a343a2228656e29223b7d733a363a22617070656e64223b623a303b733a31313a22686173486f7374496e666f223b623a303b733a31343a220043436f6d706f6e656e74005f65223b4e3b733a31343a220043436f6d706f6e656e74005f6d223b4e3b7d693a343b4f3a383a224355726c52756c65223a31363a7b733a393a2275726c537566666978223b4e3b733a31333a226361736553656e736974697665223b4e3b733a31333a2264656661756c74506172616d73223b613a303a7b7d733a31303a226d6174636856616c7565223b4e3b733a343a2276657262223b4e3b733a31313a2270617273696e674f6e6c79223b623a303b733a353a22726f757465223b733a31303a22757365722f6c6f67696e223b733a31303a227265666572656e636573223b613a303a7b7d733a31323a22726f7574655061747465726e223b4e3b733a373a227061747465726e223b733a31323a222f5e6c6f67696e5c2f242f75223b733a383a2274656d706c617465223b733a353a226c6f67696e223b733a363a22706172616d73223b613a303a7b7d733a363a22617070656e64223b623a303b733a31313a22686173486f7374496e666f223b623a303b733a31343a220043436f6d706f6e656e74005f65223b4e3b733a31343a220043436f6d706f6e656e74005f6d223b4e3b7d693a353b4f3a383a224355726c52756c65223a31363a7b733a393a2275726c537566666978223b4e3b733a31333a226361736553656e736974697665223b4e3b733a31333a2264656661756c74506172616d73223b613a303a7b7d733a31303a226d6174636856616c7565223b4e3b733a343a2276657262223b4e3b733a31313a2270617273696e674f6e6c79223b623a303b733a353a22726f757465223b733a31313a22757365722f6c6f676f7574223b733a31303a227265666572656e636573223b613a303a7b7d733a31323a22726f7574655061747465726e223b4e3b733a373a227061747465726e223b733a31333a222f5e6c6f676f75745c2f242f75223b733a383a2274656d706c617465223b733a363a226c6f676f7574223b733a363a22706172616d73223b613a303a7b7d733a363a22617070656e64223b623a303b733a31313a22686173486f7374496e666f223b623a303b733a31343a220043436f6d706f6e656e74005f65223b4e3b733a31343a220043436f6d706f6e656e74005f6d223b4e3b7d693a363b4f3a383a224355726c52756c65223a31363a7b733a393a2275726c537566666978223b4e3b733a31333a226361736553656e736974697665223b4e3b733a31333a2264656661756c74506172616d73223b613a303a7b7d733a31303a226d6174636856616c7565223b4e3b733a343a2276657262223b4e3b733a31313a2270617273696e674f6e6c79223b623a303b733a353a22726f757465223b733a31333a22757365722f7265676973746572223b733a31303a227265666572656e636573223b613a303a7b7d733a31323a22726f7574655061747465726e223b4e3b733a373a227061747465726e223b733a31353a222f5e72656769737465725c2f242f75223b733a383a2274656d706c617465223b733a383a227265676973746572223b733a363a22706172616d73223b613a303a7b7d733a363a22617070656e64223b623a303b733a31313a22686173486f7374496e666f223b623a303b733a31343a220043436f6d706f6e656e74005f65223b4e3b733a31343a220043436f6d706f6e656e74005f6d223b4e3b7d693a373b4f3a383a224355726c52756c65223a31363a7b733a393a2275726c537566666978223b4e3b733a31333a226361736553656e736974697665223b4e3b733a31333a2264656661756c74506172616d73223b613a303a7b7d733a31303a226d6174636856616c7565223b4e3b733a343a2276657262223b4e3b733a31313a2270617273696e674f6e6c79223b623a303b733a353a22726f757465223b733a31383a22757365722f726573657450617373776f7264223b733a31303a227265666572656e636573223b613a303a7b7d733a31323a22726f7574655061747465726e223b4e3b733a373a227061747465726e223b733a32323a222f5e72657365745c2d70617373776f72645c2f242f75223b733a383a2274656d706c617465223b733a31343a2272657365742d70617373776f7264223b733a363a22706172616d73223b613a303a7b7d733a363a22617070656e64223b623a303b733a31313a22686173486f7374496e666f223b623a303b733a31343a220043436f6d706f6e656e74005f65223b4e3b733a31343a220043436f6d706f6e656e74005f6d223b4e3b7d693a383b4f3a383a224355726c52756c65223a31363a7b733a393a2275726c537566666978223b4e3b733a31333a226361736553656e736974697665223b4e3b733a31333a2264656661756c74506172616d73223b613a303a7b7d733a31303a226d6174636856616c7565223b4e3b733a343a2276657262223b4e3b733a31313a2270617273696e674f6e6c79223b623a303b733a353a22726f757465223b733a31303a22757365722f696e646578223b733a31303a227265666572656e636573223b613a303a7b7d733a31323a22726f7574655061747465726e223b4e3b733a373a227061747465726e223b733a31383a222f5e6d795c2d6163636f756e745c2f242f75223b733a383a2274656d706c617465223b733a31303a226d792d6163636f756e74223b733a363a22706172616d73223b613a303a7b7d733a363a22617070656e64223b623a303b733a31313a22686173486f7374496e666f223b623a303b733a31343a220043436f6d706f6e656e74005f65223b4e3b733a31343a220043436f6d706f6e656e74005f6d223b4e3b7d693a393b4f3a383a224355726c52756c65223a31363a7b733a393a2275726c537566666978223b4e3b733a31333a226361736553656e736974697665223b4e3b733a31333a2264656661756c74506172616d73223b613a303a7b7d733a31303a226d6174636856616c7565223b4e3b733a343a2276657262223b4e3b733a31313a2270617273696e674f6e6c79223b623a303b733a353a22726f757465223b733a31343a22757365722f737562736372696265223b733a31303a227265666572656e636573223b613a303a7b7d733a31323a22726f7574655061747465726e223b4e3b733a373a227061747465726e223b733a31363a222f5e7375627363726962655c2f242f75223b733a383a2274656d706c617465223b733a393a22737562736372696265223b733a363a22706172616d73223b613a303a7b7d733a363a22617070656e64223b623a303b733a31313a22686173486f7374496e666f223b623a303b733a31343a220043436f6d706f6e656e74005f65223b4e3b733a31343a220043436f6d706f6e656e74005f6d223b4e3b7d693a31303b4f3a383a224355726c52756c65223a31363a7b733a393a2275726c537566666978223b4e3b733a31333a226361736553656e736974697665223b4e3b733a31333a2264656661756c74506172616d73223b613a303a7b7d733a31303a226d6174636856616c7565223b4e3b733a343a2276657262223b4e3b733a31313a2270617273696e674f6e6c79223b623a303b733a353a22726f757465223b733a31373a223c636f6e74726f6c6c65723e2f76696577223b733a31303a227265666572656e636573223b613a313a7b733a31303a22636f6e74726f6c6c6572223b733a31323a223c636f6e74726f6c6c65723e223b7d733a31323a22726f7574655061747465726e223b733a33303a222f5e283f503c636f6e74726f6c6c65723e5c772b295c2f76696577242f75223b733a373a227061747465726e223b733a36323a222f5e283f503c6c616e67756167653e28726f7c656e29295c2f283f503c636f6e74726f6c6c65723e5c772b295c2f283f503c69643e5c642b295c2f242f75223b733a383a2274656d706c617465223b733a32383a223c6c616e67756167653e2f3c636f6e74726f6c6c65723e2f3c69643e223b733a363a22706172616d73223b613a323a7b733a383a226c616e6775616765223b733a373a2228726f7c656e29223b733a323a226964223b733a333a225c642b223b7d733a363a22617070656e64223b623a303b733a31313a22686173486f7374496e666f223b623a303b733a31343a220043436f6d706f6e656e74005f65223b4e3b733a31343a220043436f6d706f6e656e74005f6d223b4e3b7d693a31313b4f3a383a224355726c52756c65223a31363a7b733a393a2275726c537566666978223b4e3b733a31333a226361736553656e736974697665223b4e3b733a31333a2264656661756c74506172616d73223b613a303a7b7d733a31303a226d6174636856616c7565223b4e3b733a343a2276657262223b4e3b733a31313a2270617273696e674f6e6c79223b623a303b733a353a22726f757465223b733a32313a223c636f6e74726f6c6c65723e2f3c616374696f6e3e223b733a31303a227265666572656e636573223b613a323a7b733a31303a22636f6e74726f6c6c6572223b733a31323a223c636f6e74726f6c6c65723e223b733a363a22616374696f6e223b733a383a223c616374696f6e3e223b7d733a31323a22726f7574655061747465726e223b733a34313a222f5e283f503c636f6e74726f6c6c65723e5c772b295c2f283f503c616374696f6e3e5c772b29242f75223b733a373a227061747465726e223b733a37393a222f5e283f503c6c616e67756167653e28726f7c656e29295c2f283f503c636f6e74726f6c6c65723e5c772b295c2f283f503c616374696f6e3e5c772b295c2f283f503c69643e5c642b295c2f242f75223b733a383a2274656d706c617465223b733a33373a223c6c616e67756167653e2f3c636f6e74726f6c6c65723e2f3c616374696f6e3e2f3c69643e223b733a363a22706172616d73223b613a323a7b733a383a226c616e6775616765223b733a373a2228726f7c656e29223b733a323a226964223b733a333a225c642b223b7d733a363a22617070656e64223b623a303b733a31313a22686173486f7374496e666f223b623a303b733a31343a220043436f6d706f6e656e74005f65223b4e3b733a31343a220043436f6d706f6e656e74005f6d223b4e3b7d693a31323b4f3a383a224355726c52756c65223a31363a7b733a393a2275726c537566666978223b4e3b733a31333a226361736553656e736974697665223b4e3b733a31333a2264656661756c74506172616d73223b613a303a7b7d733a31303a226d6174636856616c7565223b4e3b733a343a2276657262223b4e3b733a31313a2270617273696e674f6e6c79223b623a303b733a353a22726f757465223b733a32313a223c636f6e74726f6c6c65723e2f3c616374696f6e3e223b733a31303a227265666572656e636573223b613a323a7b733a31303a22636f6e74726f6c6c6572223b733a31323a223c636f6e74726f6c6c65723e223b733a363a22616374696f6e223b733a383a223c616374696f6e3e223b7d733a31323a22726f7574655061747465726e223b733a34313a222f5e283f503c636f6e74726f6c6c65723e5c772b295c2f283f503c616374696f6e3e5c772b29242f75223b733a373a227061747465726e223b733a36353a222f5e283f503c6c616e67756167653e28726f7c656e29295c2f283f503c636f6e74726f6c6c65723e5c772b295c2f283f503c616374696f6e3e5c772b295c2f2f75223b733a383a2274656d706c617465223b733a33323a223c6c616e67756167653e2f3c636f6e74726f6c6c65723e2f3c616374696f6e3e223b733a363a22706172616d73223b613a313a7b733a383a226c616e6775616765223b733a373a2228726f7c656e29223b7d733a363a22617070656e64223b623a313b733a31313a22686173486f7374496e666f223b623a303b733a31343a220043436f6d706f6e656e74005f65223b4e3b733a31343a220043436f6d706f6e656e74005f6d223b4e3b7d693a31333b4f3a383a224355726c52756c65223a31363a7b733a393a2275726c537566666978223b4e3b733a31333a226361736553656e736974697665223b4e3b733a31333a2264656661756c74506172616d73223b613a303a7b7d733a31303a226d6174636856616c7565223b4e3b733a343a2276657262223b4e3b733a31313a2270617273696e674f6e6c79223b623a303b733a353a22726f757465223b733a32313a223c636f6e74726f6c6c65723e2f3c616374696f6e3e223b733a31303a227265666572656e636573223b613a323a7b733a31303a22636f6e74726f6c6c6572223b733a31323a223c636f6e74726f6c6c65723e223b733a363a22616374696f6e223b733a383a223c616374696f6e3e223b7d733a31323a22726f7574655061747465726e223b733a34313a222f5e283f503c636f6e74726f6c6c65723e5c772b295c2f283f503c616374696f6e3e5c772b29242f75223b733a373a227061747465726e223b733a35363a222f5e283f503c636f6e74726f6c6c65723e5c772b295c2f283f503c616374696f6e3e5c772b295c2f283f503c69643e5c642b295c2f242f75223b733a383a2274656d706c617465223b733a32363a223c636f6e74726f6c6c65723e2f3c616374696f6e3e2f3c69643e223b733a363a22706172616d73223b613a313a7b733a323a226964223b733a333a225c642b223b7d733a363a22617070656e64223b623a303b733a31313a22686173486f7374496e666f223b623a303b733a31343a220043436f6d706f6e656e74005f65223b4e3b733a31343a220043436f6d706f6e656e74005f6d223b4e3b7d693a31343b4f3a383a224355726c52756c65223a31363a7b733a393a2275726c537566666978223b4e3b733a31333a226361736553656e736974697665223b4e3b733a31333a2264656661756c74506172616d73223b613a303a7b7d733a31303a226d6174636856616c7565223b4e3b733a343a2276657262223b4e3b733a31313a2270617273696e674f6e6c79223b623a303b733a353a22726f757465223b733a32313a223c636f6e74726f6c6c65723e2f3c616374696f6e3e223b733a31303a227265666572656e636573223b613a323a7b733a31303a22636f6e74726f6c6c6572223b733a31323a223c636f6e74726f6c6c65723e223b733a363a22616374696f6e223b733a383a223c616374696f6e3e223b7d733a31323a22726f7574655061747465726e223b733a34313a222f5e283f503c636f6e74726f6c6c65723e5c772b295c2f283f503c616374696f6e3e5c772b29242f75223b733a373a227061747465726e223b733a34333a222f5e283f503c636f6e74726f6c6c65723e5c772b295c2f283f503c616374696f6e3e5c772b295c2f242f75223b733a383a2274656d706c617465223b733a32313a223c636f6e74726f6c6c65723e2f3c616374696f6e3e223b733a363a22706172616d73223b613a303a7b7d733a363a22617070656e64223b623a303b733a31313a22686173486f7374496e666f223b623a303b733a31343a220043436f6d706f6e656e74005f65223b4e3b733a31343a220043436f6d706f6e656e74005f6d223b4e3b7d7d693a313b733a33323a226662616362616663333862343961373166393931663233396663303238396662223b7d693a313b4e3b7d);

--
-- Indexes for dumped tables
--

--
-- Indexes for table `project`
--
ALTER TABLE `project`
 ADD PRIMARY KEY (`id`);

--
-- Indexes for table `role`
--
ALTER TABLE `role`
 ADD PRIMARY KEY (`id`);

--
-- Indexes for table `task`
--
ALTER TABLE `task`
 ADD PRIMARY KEY (`id`);

--
-- Indexes for table `task_priority`
--
ALTER TABLE `task_priority`
 ADD PRIMARY KEY (`id`);

--
-- Indexes for table `task_status`
--
ALTER TABLE `task_status`
 ADD PRIMARY KEY (`id`);

--
-- Indexes for table `task_status_history`
--
ALTER TABLE `task_status_history`
 ADD PRIMARY KEY (`id`);

--
-- Indexes for table `user`
--
ALTER TABLE `user`
 ADD PRIMARY KEY (`id`);

--
-- Indexes for table `user_log`
--
ALTER TABLE `user_log`
 ADD PRIMARY KEY (`id`), ADD KEY `user_id` (`user_id`);

--
-- Indexes for table `yiicache`
--
ALTER TABLE `yiicache`
 ADD PRIMARY KEY (`id`);

--
-- AUTO_INCREMENT for dumped tables
--

--
-- AUTO_INCREMENT for table `project`
--
ALTER TABLE `project`
MODIFY `id` int(11) NOT NULL AUTO_INCREMENT,AUTO_INCREMENT=6;
--
-- AUTO_INCREMENT for table `role`
--
ALTER TABLE `role`
MODIFY `id` int(11) NOT NULL AUTO_INCREMENT,AUTO_INCREMENT=3;
--
-- AUTO_INCREMENT for table `task`
--
ALTER TABLE `task`
MODIFY `id` int(11) NOT NULL AUTO_INCREMENT,AUTO_INCREMENT=4;
--
-- AUTO_INCREMENT for table `task_priority`
--
ALTER TABLE `task_priority`
MODIFY `id` int(11) NOT NULL AUTO_INCREMENT,AUTO_INCREMENT=4;
--
-- AUTO_INCREMENT for table `task_status`
--
ALTER TABLE `task_status`
MODIFY `id` int(11) NOT NULL AUTO_INCREMENT,AUTO_INCREMENT=4;
--
-- AUTO_INCREMENT for table `task_status_history`
--
ALTER TABLE `task_status_history`
MODIFY `id` int(11) NOT NULL AUTO_INCREMENT,AUTO_INCREMENT=4;
--
-- AUTO_INCREMENT for table `user`
--
ALTER TABLE `user`
MODIFY `id` int(11) NOT NULL AUTO_INCREMENT,AUTO_INCREMENT=8;
--
-- AUTO_INCREMENT for table `user_log`
--
ALTER TABLE `user_log`
MODIFY `id` int(11) NOT NULL AUTO_INCREMENT,AUTO_INCREMENT=24;
/*!40101 SET CHARACTER_SET_CLIENT=@OLD_CHARACTER_SET_CLIENT */;
/*!40101 SET CHARACTER_SET_RESULTS=@OLD_CHARACTER_SET_RESULTS */;
/*!40101 SET COLLATION_CONNECTION=@OLD_COLLATION_CONNECTION */;
